date,description,amount
2026-01-01,Kroger,-115.02
2026-01-01,Spotify,-12.00
2026-01-02,Starbucks,-10.79
2026-01-02,Starbucks,-8.82
2026-01-03,Amazon,-38.59
2026-01-03,Paycheck - Acme Corp,2400.00
2026-01-03,Paycheck - Acme Corp,2400.00
2026-01-04,Steam,-48.40
2026-01-04,T-Mobile,-55.00
2026-01-06,Amazon,-106.59
2026-01-06,Kroger,-109.94
2026-01-06,Sunrise Apartments,-1450.00
2026-01-07,Publix,-93.91
2026-01-10,Netflix,-16.00
2026-01-12,AMC Theatres,-23.04
2026-01-14,Target,-34.25
2026-01-15,Kroger,-46.57
2026-01-16,Kroger,-59.15
2026-01-16,Planet Fitness,-25.00
2026-01-16,Waffle House,-11.90
2026-01-17,Chipotle,-17.06
2026-01-17,Target,-56.59
2026-01-18,Starbucks,-8.58
2026-01-18,Xfinity Internet,-70.00
2026-01-19,Chipotle,-17.11
2026-01-20,Waffle House,-14.02
2026-01-22,State Farm Insurance,-110.00
2026-01-23,MARTA Breeze,-95.00
2026-01-24,Publix,-40.75
2026-01-24,Shell,-54.77
2026-01-24,Starbucks,-7.44
2026-01-25,Georgia Power,-96.32
2026-01-26,Shell,-37.38
2026-01-28,Kroger,-61.27
2026-01-29,Chipotle,-12.37
2026-01-29,Starbucks,-5.75
2026-01-30,Amazon,-29.81
2026-01-30,CVS Pharmacy,-20.88
2026-02-03,Starbucks,-11.65
2026-02-03,Steam,-33.96
2026-02-04,Waffle House,-13.79
2026-02-06,T-Mobile,-55.00
2026-02-07,MARTA Breeze,-95.00
2026-02-07,Publix,-26.38
2026-02-07,Target,-60.95
2026-02-08,Shell,-48.15
2026-02-09,Kroger,-37.17
2026-02-09,Planet Fitness,-25.00
2026-02-09,Starbucks,-7.67
2026-02-10,AMC Theatres,-23.90
2026-02-10,Paycheck - Acme Corp,2400.00
2026-02-11,Sunrise Apartments,-1450.00
2026-02-12,Amazon,-99.80
2026-02-14,Xfinity Internet,-70.00
2026-02-16,Amazon,-104.12
2026-02-16,Amazon,-42.08
2026-02-16,Chipotle,-17.74
2026-02-16,Waffle House,-19.43
2026-02-17,Publix,-94.47
2026-02-17,Spotify,-12.00
2026-02-17,Starbucks,-8.46
2026-02-18,Kroger,-77.17
2026-02-18,Kroger,-89.96
2026-02-18,Netflix,-16.00
2026-02-18,Shell,-52.38
2026-02-21,Paycheck - Acme Corp,2400.00
2026-02-22,CVS Pharmacy,-31.38
2026-02-22,Kroger,-108.12
2026-02-22,Starbucks,-9.28
2026-02-23,Chipotle,-16.37
2026-02-23,Kroger,-101.24
2026-02-26,State Farm Insurance,-110.00
2026-02-27,Chipotle,-12.92
2026-02-27,Target,-56.47
2026-02-28,Georgia Power,-137.85
2026-02-28,Starbucks,-6.16
2026-03-01,Target,-20.13
2026-03-02,Chipotle,-17.25
2026-03-02,Waffle House,-16.20
2026-03-03,Amazon,-39.17
2026-03-03,CVS Pharmacy,-20.32
2026-03-03,Kroger,-135.03
2026-03-03,Starbucks,-10.47
2026-03-05,Spotify,-12.00
2026-03-05,Starbucks,-10.51
2026-03-05,T-Mobile,-55.00
2026-03-06,Publix,-73.75
2026-03-06,Starbucks,-9.55
2026-03-08,Chipotle,-12.08
2026-03-08,Delta Air Lines,-233.00
2026-03-09,Kroger,-60.81
2026-03-09,Publix,-51.57
2026-03-10,Shell,-43.29
2026-03-12,Paycheck - Acme Corp,2400.00
2026-03-13,Amazon,-19.64
2026-03-13,Steam,-47.17
2026-03-15,Georgia Power,-99.67
2026-03-15,Kroger,-119.15
2026-03-16,Starbucks,-5.44
2026-03-16,Sunrise Apartments,-1450.00
2026-03-17,Kroger,-99.33
2026-03-18,Waffle House,-21.83
2026-03-19,Xfinity Internet,-70.00
2026-03-20,Kroger,-63.62
2026-03-20,Shell,-45.83
2026-03-20,Target,-57.14
2026-03-22,Netflix,-16.00
2026-03-24,Planet Fitness,-25.00
2026-03-25,Paycheck - Acme Corp,2400.00
2026-03-26,Starbucks,-9.58
2026-03-27,AMC Theatres,-20.10
2026-03-27,Chipotle,-15.89
2026-03-28,Amazon,-68.25
2026-03-28,MARTA Breeze,-95.00
2026-03-30,State Farm Insurance,-110.00
2026-04-01,State Farm Insurance,-110.00
2026-04-03,MARTA Breeze,-95.00
2026-04-04,Amazon,-98.88
2026-04-04,Shell,-35.66
2026-04-05,CVS Pharmacy,-17.44
2026-04-05,Chipotle,-18.36
2026-04-05,Publix,-39.46
2026-04-06,T-Mobile,-55.00
2026-04-07,Paycheck - Acme Corp,2400.00
2026-04-07,Spotify,-12.00
2026-04-10,Shell,-30.50
2026-04-10,Target,-72.28
2026-04-10,Waffle House,-14.05
2026-04-10,Waffle House,-19.08
2026-04-11,Starbucks,-7.55
2026-04-13,Chipotle,-16.38
2026-04-13,Paycheck - Acme Corp,2400.00
2026-04-13,Starbucks,-5.28
2026-04-13,Steam,-23.05
2026-04-14,Kroger,-36.49
2026-04-15,Kroger,-111.87
2026-04-16,Starbucks,-9.66
2026-04-17,Chipotle,-11.77
2026-04-17,Kroger,-46.24
2026-04-17,Netflix,-16.00
2026-04-21,Planet Fitness,-25.00
2026-04-22,Georgia Power,-97.76
2026-04-22,Xfinity Internet,-70.00
2026-04-23,AMC Theatres,-22.55
2026-04-23,Amazon,-87.23
2026-04-26,Kroger,-103.74
2026-04-26,Starbucks,-5.82
2026-04-27,Starbucks,-6.07
2026-04-28,Sunrise Apartments,-1450.00
2026-04-28,Target,-43.64
2026-04-30,Amazon,-42.01
2026-04-30,Kroger,-72.00
2026-04-30,Publix,-71.38
2026-05-01,Paycheck - Acme Corp,2400.00
2026-05-02,MARTA Breeze,-95.00
2026-05-02,Shell,-43.62
2026-05-03,Kroger,-88.14
2026-05-03,Starbucks,-10.99
2026-05-03,Waffle House,-16.82
2026-05-04,Steam,-55.32
2026-05-05,Chipotle,-11.80
2026-05-06,Starbucks,-6.77
2026-05-06,T-Mobile,-55.00
2026-05-06,Target,-50.18
2026-05-08,Starbucks,-10.87
2026-05-10,Publix,-51.08
2026-05-11,Chipotle,-18.71
2026-05-11,Emory Clinic,-320.00
2026-05-12,Amazon,-40.03
2026-05-12,Spotify,-12.00
2026-05-13,Georgia Power,-147.04
2026-05-13,Planet Fitness,-25.00
2026-05-15,Amazon,-70.56
2026-05-16,Kroger,-47.88
2026-05-17,CVS Pharmacy,-24.76
2026-05-17,Kroger,-61.83
2026-05-18,AMC Theatres,-29.59
2026-05-18,Target,-89.13
2026-05-19,Netflix,-16.00
2026-05-19,Starbucks,-5.10
2026-05-20,Chipotle,-17.91
2026-05-21,Shell,-44.63
2026-05-21,Xfinity Internet,-70.00
2026-05-22,Kroger,-72.43
2026-05-22,Starbucks,-5.70
2026-05-27,Paycheck - Acme Corp,2400.00
2026-05-27,Publix,-85.38
2026-05-28,Kroger,-45.36
2026-05-29,Sunrise Apartments,-1450.00
2026-05-29,Waffle House,-14.04
2026-05-30,Amazon,-110.28
2026-05-31,State Farm Insurance,-110.00
2026-06-01,Kroger,-50.82
2026-06-01,Kroger,-60.83
2026-06-01,Publix,-47.95
2026-06-03,AMC Theatres,-28.24
2026-06-03,Chipotle,-15.25
2026-06-03,Georgia Power,-145.05
2026-06-04,Amazon,-20.33
2026-06-04,Amazon,-60.75
2026-06-04,Starbucks,-11.33
2026-06-04,Xfinity Internet,-70.00
2026-06-06,Chipotle,-12.93
2026-06-06,MARTA Breeze,-95.00
2026-06-11,Kroger,-38.94
2026-06-11,Waffle House,-14.29
2026-06-12,Amazon,-17.05
2026-06-12,Chipotle,-15.53
2026-06-12,Starbucks,-8.44
2026-06-12,State Farm Insurance,-110.00
2026-06-13,Paycheck - Acme Corp,2400.00
2026-06-13,Waffle House,-14.95
2026-06-14,Target,-87.66
2026-06-15,Starbucks,-6.64
2026-06-16,Netflix,-16.00
2026-06-18,Spotify,-12.00
2026-06-19,Planet Fitness,-25.00
2026-06-19,Starbucks,-10.16
2026-06-21,CVS Pharmacy,-40.26
2026-06-22,Shell,-48.44
2026-06-22,Target,-56.03
2026-06-24,Publix,-62.68
2026-06-24,Starbucks,-6.14
2026-06-25,Kroger,-129.14
2026-06-25,Shell,-50.03
2026-06-25,Sunrise Apartments,-1450.00
2026-06-26,Steam,-20.20
2026-06-28,Paycheck - Acme Corp,2400.00
2026-06-28,T-Mobile,-55.00
2026-06-29,Kroger,-102.08
2026-07-06,T-Mobile,-55.00
2026-07-07,CVS Pharmacy,-38.61
2026-07-07,Starbucks,-9.38
2026-07-08,MARTA Breeze,-95.00
2026-07-09,Georgia Power,-138.60
2026-07-09,Publix,-36.26
2026-07-11,Amazon,-116.79
2026-07-11,Paycheck - Acme Corp,2400.00
2026-07-11,Publix,-44.85
2026-07-12,Delta Air Lines,-355.00
2026-07-12,Kroger,-113.34
2026-07-13,Kroger,-64.23
2026-07-13,State Farm Insurance,-110.00
2026-07-13,Xfinity Internet,-70.00
2026-07-14,Starbucks,-11.62
2026-07-14,Target,-77.54
2026-07-15,Chipotle,-11.52
2026-07-17,Shell,-32.24
2026-07-17,Shell,-37.86
2026-07-18,AMC Theatres,-23.58
2026-07-18,Netflix,-16.00
2026-07-18,Starbucks,-11.29
2026-07-18,Steam,-27.09
2026-07-19,Amazon,-83.25
2026-07-23,Chipotle,-15.10
2026-07-23,Kroger,-95.33
2026-07-23,Starbucks,-8.14
2026-07-24,Planet Fitness,-25.00
2026-07-24,Target,-55.27
2026-07-25,Amazon,-85.51
2026-07-25,Spotify,-12.00
2026-07-25,Waffle House,-12.44
2026-07-25,Waffle House,-9.81
2026-07-26,Starbucks,-8.80
2026-07-27,Kroger,-53.87
2026-07-27,Paycheck - Acme Corp,2400.00
2026-07-27,Sunrise Apartments,-1450.00
2026-07-29,Kroger,-68.59
2026-07-30,Chipotle,-11.71
2026-08-01,Kroger,-127.39
2026-08-01,Target,-63.39
2026-08-02,CVS Pharmacy,-44.28
2026-08-02,Starbucks,-5.22
2026-08-03,Chipotle,-13.12
2026-08-04,Planet Fitness,-25.00
2026-08-05,Target,-20.38
2026-08-06,Paycheck - Acme Corp,2400.00
2026-08-07,Shell,-47.63
2026-08-07,Spotify,-12.00
2026-08-08,Amazon,-55.34
2026-08-08,Waffle House,-15.02
2026-08-09,Amazon,-29.88
2026-08-12,State Farm Insurance,-110.00
2026-08-12,T-Mobile,-55.00
2026-08-12,Waffle House,-21.70
2026-08-13,Kroger,-113.15
2026-08-13,Steam,-39.67
2026-08-14,Chipotle,-11.35
2026-08-14,Kroger,-112.28
2026-08-16,Starbucks,-7.92
2026-08-18,Sunrise Apartments,-1450.00
2026-08-19,Starbucks,-9.80
2026-08-20,Kroger,-137.37
2026-08-20,Starbucks,-11.63
2026-08-21,Shell,-46.31
2026-08-22,Kroger,-67.13
2026-08-23,Starbucks,-10.97
2026-08-24,Amazon,-92.20
2026-08-25,Publix,-61.39
2026-08-25,Xfinity Internet,-70.00
2026-08-26,Paycheck - Acme Corp,2400.00
2026-08-27,Netflix,-16.00
2026-08-27,Publix,-58.86
2026-08-28,Chipotle,-11.38
2026-08-28,MARTA Breeze,-95.00
2026-08-29,Georgia Power,-125.01
2026-08-31,AMC Theatres,-23.46
2026-09-01,Emory Clinic,-204.00
2026-09-02,Kroger,-101.39
2026-09-03,Paycheck - Acme Corp,2400.00
2026-09-04,Target,-47.77
2026-09-05,Publix,-32.61
2026-09-05,Starbucks,-7.99
2026-09-05,Waffle House,-17.00
2026-09-06,Spotify,-12.00
2026-09-06,Target,-67.57
2026-09-07,Chipotle,-16.14
2026-09-07,T-Mobile,-55.00
2026-09-09,Amazon,-47.96
2026-09-10,Steam,-28.09
2026-09-11,Planet Fitness,-25.00
2026-09-13,Shell,-40.92
2026-09-13,Starbucks,-6.63
2026-09-13,Xfinity Internet,-70.00
2026-09-14,Kroger,-44.32
2026-09-14,Kroger,-47.55
2026-09-15,Shell,-43.91
2026-09-16,Chipotle,-18.97
2026-09-16,Starbucks,-9.13
2026-09-17,Kroger,-97.46
2026-09-18,Georgia Power,-129.91
2026-09-18,State Farm Insurance,-110.00
2026-09-19,Paycheck - Acme Corp,2400.00
2026-09-19,Waffle House,-10.59
2026-09-22,CVS Pharmacy,-11.99
2026-09-22,Netflix,-16.00
2026-09-22,Starbucks,-8.96
2026-09-24,Sunrise Apartments,-1450.00
2026-09-26,Amazon,-73.79
2026-09-26,Amazon,-94.18
2026-09-26,Kroger,-70.23
2026-09-26,MARTA Breeze,-95.00
2026-09-27,Chipotle,-13.34
2026-09-28,Publix,-86.16
2026-09-28,Starbucks,-9.87
2026-09-29,AMC Theatres,-25.67
2026-10-02,Kroger,-41.42
2026-10-03,Amazon,-65.96
2026-10-03,Netflix,-16.00
2026-10-04,Kroger,-100.86
2026-10-04,State Farm Insurance,-110.00
2026-10-05,MARTA Breeze,-95.00
2026-10-06,Kroger,-132.59
2026-10-06,Starbucks,-6.35
2026-10-07,Amazon,-57.89
2026-10-07,Georgia Power,-95.98
2026-10-07,Publix,-82.10
2026-10-07,Xfinity Internet,-70.00
2026-10-09,CVS Pharmacy,-13.86
2026-10-10,AMC Theatres,-18.86
2026-10-10,Amazon,-33.78
2026-10-14,T-Mobile,-55.00
2026-10-15,Starbucks,-11.15
2026-10-16,Chipotle,-17.78
2026-10-16,Kroger,-116.35
2026-10-16,Paycheck - Acme Corp,2400.00
2026-10-16,Sunrise Apartments,-1450.00
2026-10-17,Waffle House,-12.55
2026-10-18,Chipotle,-11.78
2026-10-18,Planet Fitness,-25.00
2026-10-18,Starbucks,-8.95
2026-10-20,Steam,-40.55
2026-10-22,Shell,-47.83
2026-10-22,Target,-74.44
2026-10-23,Waffle House,-16.64
2026-10-24,Chipotle,-18.12
2026-10-24,Spotify,-12.00
2026-10-24,Starbucks,-10.36
2026-10-25,Kroger,-49.83
2026-10-26,Shell,-40.14
2026-10-27,Publix,-92.63
2026-10-28,Target,-55.46
2026-10-30,Paycheck - Acme Corp,2400.00
2026-10-30,Starbucks,-5.43
2026-11-01,AMC Theatres,-28.95
2026-11-01,Publix,-83.45
2026-11-03,Kroger,-52.17
2026-11-03,Kroger,-91.10
2026-11-04,Shell,-36.78
2026-11-04,Spotify,-12.00
2026-11-06,Amazon,-82.98
2026-11-06,Target,-88.60
2026-11-07,Paycheck - Acme Corp,2400.00
2026-11-07,Waffle House,-9.14
2026-11-08,Amazon,-37.42
2026-11-08,Georgia Power,-115.96
2026-11-08,Kroger,-53.80
2026-11-08,Netflix,-16.00
2026-11-10,Chipotle,-13.21
2026-11-10,T-Mobile,-55.00
2026-11-11,MARTA Breeze,-95.00
2026-11-12,Planet Fitness,-25.00
2026-11-13,CVS Pharmacy,-12.03
2026-11-13,Shell,-32.04
2026-11-13,Starbucks,-5.97
2026-11-15,Kroger,-89.92
2026-11-15,Publix,-27.35
2026-11-16,Amazon,-35.07
2026-11-17,Xfinity Internet,-70.00
2026-11-20,Chipotle,-14.95
2026-11-20,Steam,-27.45
2026-11-20,Sunrise Apartments,-1450.00
2026-11-21,Starbucks,-6.64
2026-11-22,Starbucks,-6.42
2026-11-22,Target,-76.67
2026-11-24,State Farm Insurance,-110.00
2026-11-25,Chipotle,-18.60
2026-11-25,Starbucks,-8.90
2026-11-26,Delta Air Lines,-238.00
2026-11-26,Kroger,-81.83
2026-11-27,Waffle House,-16.25
2026-11-28,Starbucks,-11.03
2026-11-29,Paycheck - Acme Corp,2400.00
2026-12-04,Chipotle,-17.56
2026-12-04,Publix,-60.58
2026-12-06,Starbucks,-8.08
2026-12-07,MARTA Breeze,-95.00
2026-12-07,Publix,-47.74
2026-12-08,Paycheck - Acme Corp,2400.00
2026-12-09,CVS Pharmacy,-16.73
2026-12-10,Chipotle,-13.73
2026-12-10,Waffle House,-15.92
2026-12-11,Amazon,-42.64
2026-12-11,T-Mobile,-55.00
2026-12-12,Amazon,-25.37
2026-12-12,Amazon,-33.44
2026-12-12,Kroger,-72.16
2026-12-12,Spotify,-12.00
2026-12-13,Georgia Power,-118.96
2026-12-13,Netflix,-16.00
2026-12-13,Starbucks,-8.64
2026-12-13,Steam,-39.66
2026-12-14,Sunrise Apartments,-1450.00
2026-12-15,Kroger,-64.78
2026-12-16,Shell,-43.11
2026-12-18,Shell,-30.42
2026-12-19,Paycheck - Acme Corp,2400.00
2026-12-22,Kroger,-79.97
2026-12-23,Starbucks,-7.33
2026-12-25,State Farm Insurance,-110.00
2026-12-25,Target,-65.98
2026-12-26,Chipotle,-18.26
2026-12-26,Target,-54.48
2026-12-27,Starbucks,-10.48
2026-12-28,Kroger,-109.07
2026-12-28,Kroger,-42.31
2026-12-28,Waffle House,-10.49
2026-12-29,Starbucks,-5.24
2026-12-30,Planet Fitness,-25.00
2026-12-31,AMC Theatres,-28.84
2026-12-31,Xfinity Internet,-70.00
